skew	whisker_min	box_min	median	box_high	whisker_high
0.0	23196.4	23249.6	23302.8	23321.050000000003	23339.300000000003
