skew	whisker_min	box_min	median	box_high	whisker_high
0.0	19083.1	19104.3	19125.5	19163.050000000003	19200.600000000002
