skew	whisker_min	box_min	median	box_high	whisker_high
0.0	18914.700000000004	18929.300000000003	18943.9	19015.9	19087.899999999998
0.1	18379.399999999998	18718.949999999997	19058.5	19097.9	19137.3
